Recommender,MAE
PMF,1.11028330262
BiasedMF,0.92615112446
BeMF,1.03429136024
NMF,1.14750819246
BNMF,0.94355666945
URP,1.15901512983
