Recpmmender,MAE
PMF,0.72993680866
BiasedMF,0.71284513439
BeMF,0.74840165045
NMF,0.7444249578
BNMF,0.6934443261
URP,0.79569734225
