Recommender,MAE
PMF,0.86314706456
BiasedMF,0.65287905323
BeMF,0.71285799978
NMF,0.87670643498
BNMF,0.66667288504
URP,0.83149468947
