Recpmmender,MAE
PMF,0.77008273185
BiasedMF,0.75407533628
BeMF,0.80565975587
NMF,0.80476087479
BNMF,0.74891098916
URP,0.8376934052
